<?xml version="1.0"?>
<!--<!DOCTYPE metadata SYSTEM "http://www.esri.com/metadata/esriprof80.dtd">-->
<metadata xml:lang="et"><Esri><CreaDate>20150525</CreaDate><CreaTime>14041300</CreaTime><SyncOnce>TRUE</SyncOnce><DataProperties><lineage><Process Name="DefineProjection_1" ToolSource="C:\Program Files\ArcGIS\ArcToolbox\Toolboxes\Data Management Tools.tbx\DefineProjection" Date="20060726" Time="105338">DefineProjection C:\ANTO\anto_DATA\aluskaardid\maaamet\Eestimaa.shp PROJCS['Estonia_1997_Estonia_National_Grid',GEOGCS['GCS_Estonia_1997',DATUM['D_Estonia_1997',SPHEROID['GRS_1980',6378137.0,298.257222101]],PRIMEM['Greenwich',0.0],UNIT['Degree',0.0174532925199433]],PROJECTION['Lambert_Conformal_Conic'],PARAMETER['False_Easting',500000.0],PARAMETER['False_Northing',6375000.0],PARAMETER['Central_Meridian',24.0],PARAMETER['Standard_Parallel_1',58.0],PARAMETER['Standard_Parallel_2',59.33333333333334],PARAMETER['Latitude_Of_Origin',57.51755393055556],UNIT['Meter',1.0]] C:\ANTO\anto_DATA\aluskaardid\maaamet\Eestimaa.shp</Process></lineage></DataProperties><ArcGISFormat>1.0</ArcGISFormat></Esri></metadata>
